Date,Division,CPI Division,Weight_Price_Division,Daily Change (%)
2024-06-27,TRANSPORT,100.0,717.7520410271334,
2024-06-27,"HOUSING, WATER, ELECTRICITY, GAS AND OTHER FUELS",100.0,0.2659570280275336,
2024-06-27,EDUCATION,100.0,354.7019230853999,
2024-06-27,ALCOHOLIC BEVERAGES AND TOBACCO,100.0,0.4736601428571428,
2024-06-27,"FURNISHING, HOUSEHOLD EQUIPMENT AND SUPPLIES ",100.0,4.644186739130435,
2024-06-27,FOOD AND NON-ALCOHOLIC BEVERAGES,100.0,0.8220343133775538,
2024-06-27,MISCELLANEOUS GOODS AND SERVICES,100.0,0.6150945606060606,
2024-06-27,HEALTH,100.0,0.347793,
2024-06-27,RESTAURANTS AND HOTELS,100.0,1.0745616666666666,
2024-06-27,CLOTHING AND FOOTWEAR,100.0,2.4942881666666668,
2024-06-27,COMMUNICATION,100.0,0.3188654333333333,
2024-06-27,RECREATION AND CULTURE,100.0,1.6347998588751291,
2024-06-28,HEALTH,100.0,0.347793,0.0
2024-06-28,EDUCATION,100.0,354.7019230853999,0.0
2024-06-28,RESTAURANTS AND HOTELS,100.0,1.0745616666666666,0.0
2024-06-28,"FURNISHING, HOUSEHOLD EQUIPMENT AND SUPPLIES ",100.0431,4.646186739130434,0.0431
2024-06-28,RECREATION AND CULTURE,100.0,1.6347998588751291,0.0
2024-06-28,"HOUSING, WATER, ELECTRICITY, GAS AND OTHER FUELS",99.9996,0.2659560458140949,-0.0004
2024-06-28,ALCOHOLIC BEVERAGES AND TOBACCO,99.9639,0.4734891428571429,-0.0361
2024-06-28,TRANSPORT,100.1497,718.8265600770332,0.1497
2024-06-28,CLOTHING AND FOOTWEAR,100.0,2.4942881666666668,0.0
2024-06-28,FOOD AND NON-ALCOHOLIC BEVERAGES,99.9875,0.8219316467108871,-0.0125
2024-06-28,MISCELLANEOUS GOODS AND SERVICES,100.0064,0.6151336428571429,0.0064
2024-06-28,COMMUNICATION,100.0,0.3188654333333333,0.0
2024-06-29,CLOTHING AND FOOTWEAR,100.0,2.4942881666666668,0.0
2024-06-29,HEALTH,100.0,0.347793,0.0
2024-06-29,MISCELLANEOUS GOODS AND SERVICES,100.0064,0.6151336428571429,0.0
2024-06-29,RECREATION AND CULTURE,100.0,1.6347998588751291,0.0
2024-06-29,"FURNISHING, HOUSEHOLD EQUIPMENT AND SUPPLIES ",100.0431,4.646186739130434,0.0
2024-06-29,"HOUSING, WATER, ELECTRICITY, GAS AND OTHER FUELS",99.9996,0.265956073877336,0.0
2024-06-29,FOOD AND NON-ALCOHOLIC BEVERAGES,99.9875,0.8219316467108871,0.0
2024-06-29,RESTAURANTS AND HOTELS,100.0,1.0745616666666666,0.0
2024-06-29,ALCOHOLIC BEVERAGES AND TOBACCO,100.0361,0.4738311428571429,0.0722
2024-06-29,TRANSPORT,100.1497,718.8265925472926,0.0
2024-06-29,COMMUNICATION,100.0,0.3188654333333333,0.0
2024-06-29,EDUCATION,100.0,354.7019230853999,0.0
2024-06-30,MISCELLANEOUS GOODS AND SERVICES,100.0064,0.6151336428571429,0.0
2024-06-30,CLOTHING AND FOOTWEAR,100.0,2.4942881666666668,0.0
2024-06-30,EDUCATION,100.0,354.7019230853999,0.0
2024-06-30,HEALTH,100.0,0.347793,0.0
2024-06-30,"HOUSING, WATER, ELECTRICITY, GAS AND OTHER FUELS",99.9996,0.2659560738773359,0.0
2024-06-30,RECREATION AND CULTURE,100.0,1.6347998588751291,0.0
2024-06-30,"FURNISHING, HOUSEHOLD EQUIPMENT AND SUPPLIES ",100.0431,4.646186739130434,0.0
2024-06-30,COMMUNICATION,100.0,0.3188654333333333,0.0
2024-06-30,FOOD AND NON-ALCOHOLIC BEVERAGES,99.9875,0.8219316467108871,0.0
2024-06-30,ALCOHOLIC BEVERAGES AND TOBACCO,100.0361,0.4738311428571429,0.0
2024-06-30,RESTAURANTS AND HOTELS,100.0,1.0745616666666666,0.0
2024-06-30,TRANSPORT,100.1497,718.8265948980018,0.0
2024-07-01,EDUCATION,100.0,354.7019230853999,0.0
2024-07-01,TRANSPORT,100.1497,718.8263107595589,0.0
2024-07-01,CLOTHING AND FOOTWEAR,100.0,2.4942881666666668,0.0
2024-07-01,HEALTH,100.0,0.347793,0.0
2024-07-01,RECREATION AND CULTURE,100.011,1.634979858875129,0.011
2024-07-01,FOOD AND NON-ALCOHOLIC BEVERAGES,99.9875,0.8219316467108871,0.0
2024-07-01,"HOUSING, WATER, ELECTRICITY, GAS AND OTHER FUELS",100.0,0.2659569157745692,0.0004
2024-07-01,RESTAURANTS AND HOTELS,100.0,1.0745616666666666,0.0
2024-07-01,"FURNISHING, HOUSEHOLD EQUIPMENT AND SUPPLIES ",100.0,4.644186739130435,-0.0431
2024-07-01,ALCOHOLIC BEVERAGES AND TOBACCO,100.1083,0.4741731428571428,0.0722
2024-07-01,COMMUNICATION,100.0,0.3188654333333333,0.0
2024-07-01,MISCELLANEOUS GOODS AND SERVICES,100.0064,0.6151336428571429,0.0
2024-07-02,ALCOHOLIC BEVERAGES AND TOBACCO,100.0361,0.4738311428571429,-0.0721
2024-07-02,COMMUNICATION,100.0,0.3188654333333333,0.0
2024-07-02,RESTAURANTS AND HOTELS,100.0,1.0745616666666666,0.0
2024-07-02,HEALTH,100.0,0.347793,0.0
2024-07-02,RECREATION AND CULTURE,100.011,1.634979858875129,0.0
2024-07-02,EDUCATION,100.0,354.7019230853999,0.0
2024-07-02,FOOD AND NON-ALCOHOLIC BEVERAGES,99.9875,0.8219316467108871,0.0
2024-07-02,"FURNISHING, HOUSEHOLD EQUIPMENT AND SUPPLIES ",100.0,4.644186739130435,0.0
2024-07-02,MISCELLANEOUS GOODS AND SERVICES,100.0064,0.6151336428571429,0.0
2024-07-02,CLOTHING AND FOOTWEAR,100.0,2.4942881666666668,0.0
2024-07-02,TRANSPORT,100.1497,718.8267118124096,0.0
2024-07-02,"HOUSING, WATER, ELECTRICITY, GAS AND OTHER FUELS",100.0004,0.2659579962093518,0.0004
2024-07-03,RECREATION AND CULTURE,99.6195,1.628579858875129,-0.3915
2024-07-03,TRANSPORT,100.1498,718.8269394899169,0.0001
2024-07-03,MISCELLANEOUS GOODS AND SERVICES,100.0064,0.6151336428571429,0.0
2024-07-03,RESTAURANTS AND HOTELS,100.0,1.0745616666666666,0.0
2024-07-03,"HOUSING, WATER, ELECTRICITY, GAS AND OTHER FUELS",100.0098,0.2659830707152806,0.0094
2024-07-03,CLOTHING AND FOOTWEAR,100.0,2.4942881666666668,0.0
2024-07-03,FOOD AND NON-ALCOHOLIC BEVERAGES,99.9875,0.8219316467108871,0.0
2024-07-03,COMMUNICATION,100.0,0.3188654333333333,0.0
2024-07-03,"FURNISHING, HOUSEHOLD EQUIPMENT AND SUPPLIES ",99.8923,4.639186739130435,-0.1077
2024-07-03,ALCOHOLIC BEVERAGES AND TOBACCO,100.0722,0.4740021428571428,0.0361
2024-07-03,HEALTH,100.0,0.347793,0.0
2024-07-03,EDUCATION,100.0,354.7019230853999,0.0
2024-07-04,"FURNISHING, HOUSEHOLD EQUIPMENT AND SUPPLIES ",99.8923,4.639186739130435,0.0
2024-07-04,COMMUNICATION,100.0,0.3188654333333333,0.0
2024-07-04,"HOUSING, WATER, ELECTRICITY, GAS AND OTHER FUELS",100.0119,0.2659887815848458,0.0021
2024-07-04,RECREATION AND CULTURE,99.6374,1.6288720374465575,0.018
2024-07-04,MISCELLANEOUS GOODS AND SERVICES,100.0673,0.6155086428571429,0.0609
2024-07-04,HEALTH,100.0,0.347793,0.0
2024-07-04,EDUCATION,100.0,354.7019230853999,0.0
2024-07-04,CLOTHING AND FOOTWEAR,100.0,2.4942881666666668,0.0
2024-07-04,TRANSPORT,100.1498,718.8271152688351,0.0
2024-07-04,RESTAURANTS AND HOTELS,100.0,1.0745616666666666,0.0
2024-07-04,ALCOHOLIC BEVERAGES AND TOBACCO,100.1444,0.4743441428571429,0.0721
2024-07-04,FOOD AND NON-ALCOHOLIC BEVERAGES,99.9875,0.8219316467108871,0.0
2024-07-05,EDUCATION,100.0,354.7019230853999,0.0
2024-07-05,FOOD AND NON-ALCOHOLIC BEVERAGES,99.9875,0.8219316467108871,0.0
2024-07-05,"HOUSING, WATER, ELECTRICITY, GAS AND OTHER FUELS",100.0127,0.2659907740749644,0.0008
2024-07-05,"FURNISHING, HOUSEHOLD EQUIPMENT AND SUPPLIES ",99.8923,4.639186739130435,0.0
2024-07-05,CLOTHING AND FOOTWEAR,96.6982,2.411931666666667,-3.3018
2024-07-05,MISCELLANEOUS GOODS AND SERVICES,100.0673,0.6155086428571429,0.0
2024-07-05,RESTAURANTS AND HOTELS,100.0,1.0745616666666666,0.0
2024-07-05,HEALTH,100.0,0.347793,0.0
2024-07-05,RECREATION AND CULTURE,99.6374,1.6288720374465575,0.0
2024-07-05,ALCOHOLIC BEVERAGES AND TOBACCO,100.2166,0.4746861428571428,0.0721
2024-07-05,TRANSPORT,101.684,729.8386405449969,1.5319
2024-07-05,COMMUNICATION,100.0,0.3188654333333333,0.0
2024-07-06,RESTAURANTS AND HOTELS,100.0,1.0745616666666666,0.0
2024-07-06,FOOD AND NON-ALCOHOLIC BEVERAGES,99.9875,0.8219316467108871,0.0
2024-07-06,"FURNISHING, HOUSEHOLD EQUIPMENT AND SUPPLIES ",99.8923,4.639186739130435,0.0
2024-07-06,EDUCATION,100.0,354.7019230853999,0.0
2024-07-06,CLOTHING AND FOOTWEAR,96.6982,2.411931666666667,0.0
2024-07-06,MISCELLANEOUS GOODS AND SERVICES,100.0673,0.6155086428571429,0.0
2024-07-06,TRANSPORT,101.684,729.8386813965246,0.0
2024-07-06,"HOUSING, WATER, ELECTRICITY, GAS AND OTHER FUELS",100.0131,0.2659918685413676,0.0004
2024-07-06,HEALTH,100.0,0.347793,0.0
2024-07-06,ALCOHOLIC BEVERAGES AND TOBACCO,100.2527,0.4748571428571428,0.036
2024-07-06,COMMUNICATION,100.0,0.3188654333333333,0.0
2024-07-06,RECREATION AND CULTURE,99.6374,1.6288720374465575,0.0
2024-07-07,ALCOHOLIC BEVERAGES AND TOBACCO,100.2527,0.4748571428571428,0.0
2024-07-07,EDUCATION,100.0,354.7019230853999,0.0
2024-07-07,HEALTH,100.0,0.347793,0.0
2024-07-07,COMMUNICATION,100.0,0.3188654333333333,0.0
2024-07-07,TRANSPORT,101.684,729.8386851008668,0.0
2024-07-07,CLOTHING AND FOOTWEAR,96.6982,2.411931666666667,0.0
2024-07-07,FOOD AND NON-ALCOHOLIC BEVERAGES,99.9875,0.8219316467108871,0.0
2024-07-07,RESTAURANTS AND HOTELS,100.0,1.0745616666666666,0.0
2024-07-07,"FURNISHING, HOUSEHOLD EQUIPMENT AND SUPPLIES ",99.8923,4.639186739130435,0.0
2024-07-07,RECREATION AND CULTURE,99.6374,1.6288720374465575,0.0
2024-07-07,"HOUSING, WATER, ELECTRICITY, GAS AND OTHER FUELS",100.0131,0.2659918685413676,0.0
2024-07-07,MISCELLANEOUS GOODS AND SERVICES,100.0673,0.6155086428571429,0.0
2024-07-08,COMMUNICATION,100.0,0.3188654333333333,0.0
2024-07-08,FOOD AND NON-ALCOHOLIC BEVERAGES,99.9875,0.8219316467108871,0.0
2024-07-08,RECREATION AND CULTURE,99.6374,1.6288720374465575,0.0
2024-07-08,RESTAURANTS AND HOTELS,100.0,1.0745616666666666,0.0
2024-07-08,"HOUSING, WATER, ELECTRICITY, GAS AND OTHER FUELS",100.0125,0.2659903811895889,-0.0006
2024-07-08,EDUCATION,100.0,354.7019230853999,0.0
2024-07-08,TRANSPORT,101.6839,729.8383877806621,-0.0001
2024-07-08,HEALTH,100.0,0.347793,0.0
2024-07-08,ALCOHOLIC BEVERAGES AND TOBACCO,100.2166,0.4746861428571428,-0.036
2024-07-08,"FURNISHING, HOUSEHOLD EQUIPMENT AND SUPPLIES ",99.8923,4.639186739130435,0.0
2024-07-08,CLOTHING AND FOOTWEAR,96.6982,2.411931666666667,0.0
2024-07-08,MISCELLANEOUS GOODS AND SERVICES,100.0673,0.6155086428571429,0.0
2024-07-09,EDUCATION,100.0,354.7019230853999,0.0
2024-07-09,RESTAURANTS AND HOTELS,100.0,1.0745616666666666,0.0
2024-07-09,FOOD AND NON-ALCOHOLIC BEVERAGES,99.9875,0.8219316467108871,0.0
2024-07-09,TRANSPORT,100.6585,722.4786858934398,-1.0084
2024-07-09,ALCOHOLIC BEVERAGES AND TOBACCO,100.2166,0.4746861428571428,0.0
2024-07-09,HEALTH,100.0,0.347793,0.0
2024-07-09,RECREATION AND CULTURE,99.6374,1.6288720374465575,0.0
2024-07-09,CLOTHING AND FOOTWEAR,96.6982,2.411931666666667,0.0
2024-07-09,"HOUSING, WATER, ELECTRICITY, GAS AND OTHER FUELS",100.0126,0.265990661822,0.0001
2024-07-09,MISCELLANEOUS GOODS AND SERVICES,100.0673,0.6155086428571429,0.0
2024-07-09,COMMUNICATION,100.0,0.3188654333333333,0.0
2024-07-09,"FURNISHING, HOUSEHOLD EQUIPMENT AND SUPPLIES ",99.8923,4.639186739130435,0.0
2024-07-10,"HOUSING, WATER, ELECTRICITY, GAS AND OTHER FUELS",100.0132,0.2659922193318814,0.0006
2024-07-10,TRANSPORT,100.6585,722.4787694067768,0.0
2024-07-10,HEALTH,100.0,0.347793,0.0
2024-07-10,RECREATION AND CULTURE,99.6374,1.6288720374465575,0.0
2024-07-10,CLOTHING AND FOOTWEAR,96.6982,2.411931666666667,0.0
2024-07-10,RESTAURANTS AND HOTELS,100.0,1.0745616666666666,0.0
2024-07-10,ALCOHOLIC BEVERAGES AND TOBACCO,100.2166,0.4746861428571428,0.0
2024-07-10,"FURNISHING, HOUSEHOLD EQUIPMENT AND SUPPLIES ",99.8923,4.639186739130435,0.0
2024-07-10,EDUCATION,100.0,354.7019230853999,0.0
2024-07-10,FOOD AND NON-ALCOHOLIC BEVERAGES,100.4673,0.8258754562346967,0.4799
2024-07-10,COMMUNICATION,100.0,0.3188654333333333,0.0
2024-07-10,MISCELLANEOUS GOODS AND SERVICES,100.0673,0.6155086428571429,0.0
2024-07-11,ALCOHOLIC BEVERAGES AND TOBACCO,100.2527,0.4748571428571428,0.036
2024-07-11,"FURNISHING, HOUSEHOLD EQUIPMENT AND SUPPLIES ",99.8923,4.639186739130435,0.0
2024-07-11,RESTAURANTS AND HOTELS,100.0,1.0745616666666666,0.0
2024-07-11,COMMUNICATION,100.0,0.3188654333333333,0.0
2024-07-11,"HOUSING, WATER, ELECTRICITY, GAS AND OTHER FUELS",100.0133,0.2659924719010514,0.0001
2024-07-11,RECREATION AND CULTURE,99.6374,1.6288720374465575,0.0
2024-07-11,HEALTH,100.0,0.347793,0.0
2024-07-11,CLOTHING AND FOOTWEAR,96.6982,2.411931666666667,0.0
2024-07-11,FOOD AND NON-ALCOHOLIC BEVERAGES,100.5637,0.8266681229013634,0.096
2024-07-11,EDUCATION,100.0,354.7019230853999,0.0
2024-07-11,TRANSPORT,100.6586,722.478800756743,0.0001
2024-07-11,MISCELLANEOUS GOODS AND SERVICES,100.0673,0.6155086428571429,0.0
2024-07-12,"HOUSING, WATER, ELECTRICITY, GAS AND OTHER FUELS",100.0147,0.2659959938378103,0.0014
2024-07-12,CLOTHING AND FOOTWEAR,96.6982,2.411931666666667,0.0
2024-07-12,"FURNISHING, HOUSEHOLD EQUIPMENT AND SUPPLIES ",99.8923,4.639186739130435,0.0
2024-07-12,TRANSPORT,100.6586,722.4790282390991,0.0
2024-07-12,RECREATION AND CULTURE,99.6374,1.6288720374465575,0.0
2024-07-12,EDUCATION,100.0,354.7019230853999,0.0
2024-07-12,ALCOHOLIC BEVERAGES AND TOBACCO,100.2888,0.4750281428571429,0.036
2024-07-12,HEALTH,100.0,0.347793,0.0
2024-07-12,RESTAURANTS AND HOTELS,100.0,1.0745616666666666,0.0
2024-07-12,FOOD AND NON-ALCOHOLIC BEVERAGES,100.5637,0.8266681229013634,0.0
2024-07-12,MISCELLANEOUS GOODS AND SERVICES,100.5841,0.6186870333333333,0.5165
2024-07-12,COMMUNICATION,100.0,0.3188654333333333,0.0
2024-07-13,COMMUNICATION,100.0,0.3188654333333333,0.0
2024-07-13,ALCOHOLIC BEVERAGES AND TOBACCO,100.3971,0.4755411428571429,0.108
2024-07-13,TRANSPORT,100.6584,722.4778690488695,-0.0002
2024-07-13,"FURNISHING, HOUSEHOLD EQUIPMENT AND SUPPLIES ",99.8923,4.639186739130435,0.0
2024-07-13,MISCELLANEOUS GOODS AND SERVICES,100.5841,0.6186870333333333,0.0
2024-07-13,EDUCATION,100.0,354.7019230853999,0.0
2024-07-13,HEALTH,100.0,0.347793,0.0
2024-07-13,"HOUSING, WATER, ELECTRICITY, GAS AND OTHER FUELS",100.0173,0.2660030517429486,0.0026
2024-07-13,RESTAURANTS AND HOTELS,100.0,1.0745616666666666,0.0
2024-07-13,CLOTHING AND FOOTWEAR,96.6982,2.411931666666667,0.0
2024-07-13,RECREATION AND CULTURE,99.6374,1.6288720374465575,0.0
2024-07-13,FOOD AND NON-ALCOHOLIC BEVERAGES,100.5637,0.8266681229013634,0.0
2024-07-14,TRANSPORT,100.6584,722.4779407092658,0.0
2024-07-14,FOOD AND NON-ALCOHOLIC BEVERAGES,100.5637,0.8266681229013634,0.0
2024-07-14,MISCELLANEOUS GOODS AND SERVICES,100.5841,0.6186870333333333,0.0
2024-07-14,EDUCATION,100.0,354.7019230853999,0.0
2024-07-14,RECREATION AND CULTURE,99.6374,1.6288720374465575,0.0
2024-07-14,HEALTH,100.0,0.347793,0.0
2024-07-14,CLOTHING AND FOOTWEAR,96.6982,2.411931666666667,0.0
2024-07-14,"FURNISHING, HOUSEHOLD EQUIPMENT AND SUPPLIES ",99.8923,4.639186739130435,0.0
2024-07-14,COMMUNICATION,100.0,0.3188654333333333,0.0
2024-07-14,RESTAURANTS AND HOTELS,100.0,1.0745616666666666,0.0
2024-07-14,ALCOHOLIC BEVERAGES AND TOBACCO,100.3971,0.4755411428571429,0.0
2024-07-14,"HOUSING, WATER, ELECTRICITY, GAS AND OTHER FUELS",100.0174,0.2660033604386008,0.0001
2024-07-15,"FURNISHING, HOUSEHOLD EQUIPMENT AND SUPPLIES ",99.8923,4.639186739130435,0.0
2024-07-15,FOOD AND NON-ALCOHOLIC BEVERAGES,100.5762,0.82677078956803,0.0124
2024-07-15,RESTAURANTS AND HOTELS,100.0,1.0745616666666666,0.0
2024-07-15,EDUCATION,100.0,354.7019230853999,0.0
2024-07-15,TRANSPORT,100.6584,722.4779026991797,0.0
2024-07-15,COMMUNICATION,100.0,0.3188654333333333,0.0
2024-07-15,HEALTH,100.0,0.347793,0.0
2024-07-15,"HOUSING, WATER, ELECTRICITY, GAS AND OTHER FUELS",103.041,0.2740447495690356,3.0231
2024-07-15,MISCELLANEOUS GOODS AND SERVICES,100.5841,0.6186870333333333,0.0
2024-07-15,ALCOHOLIC BEVERAGES AND TOBACCO,100.361,0.4753701428571428,-0.036
2024-07-15,RECREATION AND CULTURE,99.6374,1.6288720374465575,0.0
2024-07-15,CLOTHING AND FOOTWEAR,96.6982,2.411931666666667,0.0
2024-07-16,"FURNISHING, HOUSEHOLD EQUIPMENT AND SUPPLIES ",99.8923,4.639186739130435,0.0
2024-07-16,EDUCATION,100.0,354.7019230853999,0.0
2024-07-16,FOOD AND NON-ALCOHOLIC BEVERAGES,100.7699,0.828363370450383,0.1926
2024-07-16,RECREATION AND CULTURE,99.6374,1.6288720374465575,0.0
2024-07-16,ALCOHOLIC BEVERAGES AND TOBACCO,100.361,0.4753701428571428,0.0
2024-07-16,MISCELLANEOUS GOODS AND SERVICES,100.5841,0.6186870333333333,0.0
2024-07-16,TRANSPORT,100.6585,722.4781292712879,0.0001
2024-07-16,COMMUNICATION,100.0,0.3188654333333333,0.0
2024-07-16,RESTAURANTS AND HOTELS,100.0,1.0745616666666666,0.0
2024-07-16,HEALTH,100.0288,0.347893,0.0288
2024-07-16,CLOTHING AND FOOTWEAR,96.8532,2.415798333333333,0.1603
2024-07-16,"HOUSING, WATER, ELECTRICITY, GAS AND OTHER FUELS",100.0266,0.2660278162994703,-2.9254
2024-07-17,ALCOHOLIC BEVERAGES AND TOBACCO,100.361,0.4753701428571428,0.0
2024-07-17,RESTAURANTS AND HOTELS,100.0,1.0745616666666666,0.0
2024-07-17,MISCELLANEOUS GOODS AND SERVICES,100.5841,0.6186870333333333,0.0
2024-07-17,RECREATION AND CULTURE,99.6374,1.6288720374465575,0.0
2024-07-17,TRANSPORT,100.6585,722.4782571805836,0.0
2024-07-17,COMMUNICATION,100.0,0.3188654333333333,0.0
2024-07-17,"FURNISHING, HOUSEHOLD EQUIPMENT AND SUPPLIES ",99.8923,4.639186739130435,0.0
2024-07-17,EDUCATION,100.0,354.7019230853999,0.0
2024-07-17,"HOUSING, WATER, ELECTRICITY, GAS AND OTHER FUELS",100.0264,0.2660272830978893,-0.0002
2024-07-17,FOOD AND NON-ALCOHOLIC BEVERAGES,100.7699,0.828363370450383,0.0
2024-07-17,HEALTH,100.0288,0.347893,0.0
2024-07-17,CLOTHING AND FOOTWEAR,96.8532,2.415798333333333,0.0
2024-07-18,RESTAURANTS AND HOTELS,100.3149,1.077945,0.3149
2024-07-18,FOOD AND NON-ALCOHOLIC BEVERAGES,100.8387,0.8289289621170497,0.0683
2024-07-18,ALCOHOLIC BEVERAGES AND TOBACCO,100.3971,0.4755411428571429,0.036
2024-07-18,CLOTHING AND FOOTWEAR,96.8532,2.415798333333333,0.0
2024-07-18,COMMUNICATION,100.0,0.3188654333333333,0.0
2024-07-18,RECREATION AND CULTURE,99.6374,1.6288720374465575,0.0
2024-07-18,"HOUSING, WATER, ELECTRICITY, GAS AND OTHER FUELS",100.0264,0.2660272830978893,0.0
2024-07-18,TRANSPORT,100.6585,722.4782622161861,0.0
2024-07-18,"FURNISHING, HOUSEHOLD EQUIPMENT AND SUPPLIES ",99.9505,4.641886739130435,0.0583
2024-07-18,EDUCATION,100.0,354.7019230853999,0.0
2024-07-18,HEALTH,100.0288,0.347893,0.0
2024-07-18,MISCELLANEOUS GOODS AND SERVICES,100.5841,0.6186870333333333,0.0
2024-07-19,CLOTHING AND FOOTWEAR,96.1857,2.399148333333333,-0.6892
2024-07-19,"HOUSING, WATER, ELECTRICITY, GAS AND OTHER FUELS",100.0262,0.2660266095801027,-0.0002
2024-07-19,RESTAURANTS AND HOTELS,100.3149,1.077945,0.0
2024-07-19,FOOD AND NON-ALCOHOLIC BEVERAGES,101.418,0.8336908192599067,0.5745
2024-07-19,TRANSPORT,100.6585,722.4782574789001,0.0
2024-07-19,HEALTH,100.0288,0.347893,0.0
2024-07-19,RECREATION AND CULTURE,99.6374,1.6288720374465575,0.0
2024-07-19,MISCELLANEOUS GOODS AND SERVICES,102.207,0.6286694649122807,1.6135
2024-07-19,EDUCATION,100.0,354.7019230853999,0.0
2024-07-19,COMMUNICATION,100.0,0.3188654333333333,0.0
2024-07-19,"FURNISHING, HOUSEHOLD EQUIPMENT AND SUPPLIES ",99.9505,4.641886739130435,0.0
2024-07-19,ALCOHOLIC BEVERAGES AND TOBACCO,100.3249,0.4751991428571429,-0.0719
2024-07-20,ALCOHOLIC BEVERAGES AND TOBACCO,100.361,0.4753701428571428,0.036
2024-07-20,"FURNISHING, HOUSEHOLD EQUIPMENT AND SUPPLIES ",99.9505,4.641886739130435,0.0
2024-07-20,RECREATION AND CULTURE,99.6374,1.6288720374465575,0.0
2024-07-20,"HOUSING, WATER, ELECTRICITY, GAS AND OTHER FUELS",100.0262,0.2660266095801027,0.0
2024-07-20,TRANSPORT,100.6585,722.4782496051422,0.0
2024-07-20,HEALTH,100.0288,0.347893,0.0
2024-07-20,FOOD AND NON-ALCOHOLIC BEVERAGES,101.418,0.8336908192599067,0.0
2024-07-20,EDUCATION,100.0,354.7019230853999,0.0
2024-07-20,MISCELLANEOUS GOODS AND SERVICES,102.207,0.6286694649122807,0.0
2024-07-20,COMMUNICATION,100.0,0.3188654333333333,0.0
2024-07-20,CLOTHING AND FOOTWEAR,96.1857,2.399148333333333,0.0
2024-07-20,RESTAURANTS AND HOTELS,100.3149,1.077945,0.0
2024-07-21,ALCOHOLIC BEVERAGES AND TOBACCO,100.3249,0.4751991428571429,-0.036
2024-07-21,FOOD AND NON-ALCOHOLIC BEVERAGES,101.418,0.8336908192599067,0.0
2024-07-21,CLOTHING AND FOOTWEAR,96.1857,2.399148333333333,0.0
2024-07-21,"FURNISHING, HOUSEHOLD EQUIPMENT AND SUPPLIES ",99.9505,4.641886739130435,0.0
2024-07-21,RESTAURANTS AND HOTELS,100.3149,1.077945,0.0
2024-07-21,COMMUNICATION,100.0,0.3188654333333333,0.0
2024-07-21,RECREATION AND CULTURE,99.6674,1.6293620374465574,0.0301
2024-07-21,MISCELLANEOUS GOODS AND SERVICES,102.207,0.6286694649122807,0.0
2024-07-21,"HOUSING, WATER, ELECTRICITY, GAS AND OTHER FUELS",100.0262,0.2660266095801027,0.0
2024-07-21,TRANSPORT,100.6585,722.4782461198896,0.0
2024-07-21,EDUCATION,100.0,354.7019230853999,0.0
2024-07-21,HEALTH,100.0288,0.347893,0.0
2024-07-22,EDUCATION,100.0,354.7019230853999,0.0
2024-07-22,FOOD AND NON-ALCOHOLIC BEVERAGES,101.418,0.8336908192599067,0.0
2024-07-22,COMMUNICATION,100.0,0.3188654333333333,0.0
2024-07-22,"FURNISHING, HOUSEHOLD EQUIPMENT AND SUPPLIES ",99.9505,4.641886739130435,0.0
2024-07-22,TRANSPORT,100.6584,722.4778392478983,-0.0001
2024-07-22,RECREATION AND CULTURE,99.6674,1.6293620374465574,0.0
2024-07-22,HEALTH,100.0288,0.347893,0.0
2024-07-22,RESTAURANTS AND HOTELS,100.3149,1.077945,0.0
2024-07-22,MISCELLANEOUS GOODS AND SERVICES,102.207,0.6286694649122807,0.0
2024-07-22,CLOTHING AND FOOTWEAR,95.529,2.382768333333333,-0.6827
2024-07-22,ALCOHOLIC BEVERAGES AND TOBACCO,100.3249,0.4751991428571429,0.0
2024-07-22,"HOUSING, WATER, ELECTRICITY, GAS AND OTHER FUELS",100.0263,0.2660268902125138,0.0001
2024-07-23,FOOD AND NON-ALCOHOLIC BEVERAGES,101.418,0.8336908192599067,0.0
2024-07-23,ALCOHOLIC BEVERAGES AND TOBACCO,100.361,0.4753701428571428,0.036
2024-07-23,CLOTHING AND FOOTWEAR,97.092,2.421755333333333,1.6362
2024-07-23,"HOUSING, WATER, ELECTRICITY, GAS AND OTHER FUELS",100.0262,0.2660266095801027,-0.0001
2024-07-23,RECREATION AND CULTURE,99.6674,1.6293620374465574,0.0
2024-07-23,TRANSPORT,100.6585,722.4781455822412,0.0001
2024-07-23,HEALTH,100.0288,0.347893,0.0
2024-07-23,MISCELLANEOUS GOODS AND SERVICES,102.207,0.6286694649122807,0.0
2024-07-23,"FURNISHING, HOUSEHOLD EQUIPMENT AND SUPPLIES ",99.9505,4.641886739130435,0.0
2024-07-23,RESTAURANTS AND HOTELS,100.3149,1.077945,0.0
2024-07-23,COMMUNICATION,100.0,0.3188654333333333,0.0
2024-07-23,EDUCATION,100.0,354.7019230853999,0.0
2024-07-24,FOOD AND NON-ALCOHOLIC BEVERAGES,100.9549,0.8298837335456211,-0.4566
2024-07-24,ALCOHOLIC BEVERAGES AND TOBACCO,100.2527,0.4748571428571428,-0.1079
2024-07-24,"FURNISHING, HOUSEHOLD EQUIPMENT AND SUPPLIES ",99.9505,4.641886739130435,0.0
2024-07-24,CLOTHING AND FOOTWEAR,95.529,2.382768333333333,-1.6098
2024-07-24,RESTAURANTS AND HOTELS,100.3149,1.077945,0.0
2024-07-24,"HOUSING, WATER, ELECTRICITY, GAS AND OTHER FUELS",100.0262,0.2660266095801027,0.0
2024-07-24,MISCELLANEOUS GOODS AND SERVICES,102.207,0.6286694649122807,0.0
2024-07-24,HEALTH,100.0288,0.347893,0.0
2024-07-24,COMMUNICATION,100.0,0.3188654333333333,0.0
2024-07-24,TRANSPORT,100.6585,722.4781034787839,0.0
2024-07-24,EDUCATION,100.0,354.7019230853999,0.0
2024-07-24,RECREATION AND CULTURE,99.6674,1.6293620374465574,0.0
2024-07-25,CLOTHING AND FOOTWEAR,95.4177,2.379993333333333,-0.1165
2024-07-25,EDUCATION,100.0,354.7019230853999,0.0
2024-07-25,TRANSPORT,100.6585,722.4780874974687,0.0
2024-07-25,"HOUSING, WATER, ELECTRICITY, GAS AND OTHER FUELS",100.0258,0.2660257676828695,-0.0004
2024-07-25,RESTAURANTS AND HOTELS,100.3149,1.077945,0.0
2024-07-25,MISCELLANEOUS GOODS AND SERVICES,102.8985,0.6329230555555556,0.6766
2024-07-25,HEALTH,100.0288,0.347893,0.0
2024-07-25,COMMUNICATION,100.0,0.3188654333333333,0.0
2024-07-25,ALCOHOLIC BEVERAGES AND TOBACCO,100.2527,0.4748571428571428,0.0
2024-07-25,FOOD AND NON-ALCOHOLIC BEVERAGES,101.0085,0.830324833545621,0.0531
2024-07-25,"FURNISHING, HOUSEHOLD EQUIPMENT AND SUPPLIES ",99.9505,4.641886739130435,0.0
2024-07-25,RECREATION AND CULTURE,99.6674,1.6293620374465574,0.0
2024-07-26,RECREATION AND CULTURE,98.2401,1.6060287041132242,-1.4321
2024-07-26,"FURNISHING, HOUSEHOLD EQUIPMENT AND SUPPLIES ",99.9505,4.641886739130435,0.0
2024-07-26,HEALTH,100.0288,0.347893,0.0
2024-07-26,FOOD AND NON-ALCOHOLIC BEVERAGES,101.0085,0.830324833545621,0.0
2024-07-26,CLOTHING AND FOOTWEAR,95.4177,2.379993333333333,0.0
2024-07-26,TRANSPORT,101.2993,727.0779768330627,0.6366
2024-07-26,"HOUSING, WATER, ELECTRICITY, GAS AND OTHER FUELS",100.0228,0.2660176433745691,-0.003
2024-07-26,EDUCATION,100.0,354.7019230853999,0.0
2024-07-26,RESTAURANTS AND HOTELS,100.3149,1.077945,0.0
2024-07-26,ALCOHOLIC BEVERAGES AND TOBACCO,100.2888,0.4750281428571429,0.036
2024-07-26,MISCELLANEOUS GOODS AND SERVICES,102.8985,0.6329230555555556,0.0
2024-07-26,COMMUNICATION,100.0,0.3188654333333333,0.0
2024-07-27,RESTAURANTS AND HOTELS,100.3149,1.077945,0.0
2024-07-27,HEALTH,100.0288,0.347893,0.0
2024-07-27,EDUCATION,100.0,354.7019230853999,0.0
2024-07-27,COMMUNICATION,100.0,0.3188654333333333,0.0
2024-07-27,"HOUSING, WATER, ELECTRICITY, GAS AND OTHER FUELS",100.0228,0.2660176433745692,0.0
2024-07-27,CLOTHING AND FOOTWEAR,95.4177,2.379993333333333,0.0
2024-07-27,TRANSPORT,101.2993,727.0779768330627,0.0
2024-07-27,RECREATION AND CULTURE,96.8128,1.5826953707798903,-1.4529
2024-07-27,MISCELLANEOUS GOODS AND SERVICES,102.8985,0.6329230555555556,0.0
2024-07-27,ALCOHOLIC BEVERAGES AND TOBACCO,100.2888,0.4750281428571429,0.0
2024-07-27,FOOD AND NON-ALCOHOLIC BEVERAGES,101.0085,0.830324833545621,0.0
2024-07-27,"FURNISHING, HOUSEHOLD EQUIPMENT AND SUPPLIES ",99.9505,4.641886739130435,0.0
2024-07-28,RECREATION AND CULTURE,96.8128,1.5826953707798903,0.0
2024-07-28,EDUCATION,100.0,354.7019230853999,0.0
2024-07-28,CLOTHING AND FOOTWEAR,95.4177,2.379993333333333,0.0
2024-07-28,MISCELLANEOUS GOODS AND SERVICES,102.8985,0.6329230555555556,0.0
2024-07-28,"FURNISHING, HOUSEHOLD EQUIPMENT AND SUPPLIES ",99.9505,4.641886739130435,0.0
2024-07-28,ALCOHOLIC BEVERAGES AND TOBACCO,100.2888,0.4750281428571429,0.0
2024-07-28,COMMUNICATION,100.0,0.3188654333333333,0.0
2024-07-28,RESTAURANTS AND HOTELS,100.3149,1.077945,0.0
2024-07-28,"HOUSING, WATER, ELECTRICITY, GAS AND OTHER FUELS",100.0228,0.2660176433745692,0.0
2024-07-28,FOOD AND NON-ALCOHOLIC BEVERAGES,101.0085,0.830324833545621,0.0
2024-07-28,HEALTH,100.0288,0.347893,0.0
2024-07-28,TRANSPORT,101.2993,727.0779768330627,0.0
2024-07-29,"FURNISHING, HOUSEHOLD EQUIPMENT AND SUPPLIES ",99.9505,4.641886739130435,0.0
2024-07-29,FOOD AND NON-ALCOHOLIC BEVERAGES,101.0085,0.830324833545621,0.0
2024-07-29,COMMUNICATION,100.0,0.3188654333333333,0.0
2024-07-29,HEALTH,100.0288,0.347893,0.0
2024-07-29,EDUCATION,100.0,354.7019230853999,0.0
2024-07-29,CLOTHING AND FOOTWEAR,95.974,2.3938683333333333,0.583
2024-07-29,ALCOHOLIC BEVERAGES AND TOBACCO,100.2888,0.4750281428571429,0.0
2024-07-29,TRANSPORT,101.3313,727.3075229782187,0.0316
2024-07-29,MISCELLANEOUS GOODS AND SERVICES,102.4262,0.6300178859649123,-0.459
2024-07-29,RECREATION AND CULTURE,96.8128,1.5826953707798903,0.0
2024-07-29,"HOUSING, WATER, ELECTRICITY, GAS AND OTHER FUELS",100.0221,0.2660157417982376,-0.0007
2024-07-29,RESTAURANTS AND HOTELS,100.3149,1.077945,0.0
2024-07-30,TRANSPORT,101.3313,727.3075234064373,0.0
2024-07-30,CLOTHING AND FOOTWEAR,95.974,2.3938683333333333,0.0
2024-07-30,COMMUNICATION,100.0,0.3188654333333333,0.0
2024-07-30,EDUCATION,100.0,354.7019230853999,0.0
2024-07-30,HEALTH,100.0288,0.347893,0.0
2024-07-30,RECREATION AND CULTURE,96.8128,1.5826953707798903,0.0
2024-07-30,MISCELLANEOUS GOODS AND SERVICES,102.4262,0.6300178859649123,0.0
2024-07-30,FOOD AND NON-ALCOHOLIC BEVERAGES,101.0097,0.8303345002122877,0.0012
2024-07-30,ALCOHOLIC BEVERAGES AND TOBACCO,100.2888,0.4750281428571429,0.0
2024-07-30,"HOUSING, WATER, ELECTRICITY, GAS AND OTHER FUELS",100.0221,0.2660157417982376,0.0
2024-07-30,"FURNISHING, HOUSEHOLD EQUIPMENT AND SUPPLIES ",99.9505,4.641889739130435,0.0
2024-07-30,RESTAURANTS AND HOTELS,100.3149,1.0779450000000002,0.0
2024-07-31,RESTAURANTS AND HOTELS,100.3149,1.077945,0.0
2024-07-31,FOOD AND NON-ALCOHOLIC BEVERAGES,101.0097,0.8303345002122877,0.0
2024-07-31,HEALTH,100.0288,0.347893,0.0
2024-07-31,MISCELLANEOUS GOODS AND SERVICES,102.4262,0.6300178859649123,0.0
2024-07-31,"HOUSING, WATER, ELECTRICITY, GAS AND OTHER FUELS",100.0221,0.2660157417982376,0.0
2024-07-31,ALCOHOLIC BEVERAGES AND TOBACCO,100.2888,0.4750281428571429,0.0
2024-07-31,EDUCATION,100.0,354.7019230853999,0.0
2024-07-31,CLOTHING AND FOOTWEAR,95.974,2.3938683333333333,0.0
2024-07-31,RECREATION AND CULTURE,96.8128,1.5826953707798903,0.0
2024-07-31,TRANSPORT,101.3314,727.307870430776,0.0001
2024-07-31,COMMUNICATION,100.0,0.3188654333333333,0.0
2024-07-31,"FURNISHING, HOUSEHOLD EQUIPMENT AND SUPPLIES ",99.9507,4.641897405797101,0.0002
